l_leadid,l_source,l_receivedat,l_firstname,l_lastname,l_phone,l_email,l_consentsms,l_consentcall,l_propertyzip,l_leadtype,l_status,o_attempt_id,o_lead_id,o_channel,o_attempted_at,o_status,o_agent_id,error
L-20020,AgentMatch Pro,2026-05-15 13:35:00,Eric,Rodriguez,365-959-8239,,TRUE,TRUE,32801,seller,new,A-1041,L-20020,call,2026-05-15 13:42:00,no_answer,AGT-138,
L-20020,AgentMatch Pro,2026-05-15 13:35:00,Eric,Rodriguez,365-959-8239,,TRUE,TRUE,32801,seller,new,A-1042,L-20020,sms,2026-05-15 13:58:00,delivered,AGT-138,
L-20020,AgentMatch Pro,2026-05-15 13:35:00,Eric,Rodriguez,365-959-8239,,TRUE,TRUE,32801,seller,new,A-1043,L-20020,call,2026-05-15 17:42:00,completed,AGT-138,
L-20133,ListingLoop,2026-05-10 20:28:00,Tony,Jackson,7174079792,tony.jackson8@example.com,TRUE,TRUE,30318,buyer,new,A-1231,L-20133,call,2026-05-10 20:37:00,no_answer,AGT-120,
L-20133,ListingLoop,2026-05-10 20:28:00,Tony,Jackson,7174079792,tony.jackson8@example.com,TRUE,TRUE,30318,buyer,new,A-1232,L-20133,sms,2026-05-10 20:52:00,delivered,AGT-120,
L-20133,ListingLoop,2026-05-10 20:28:00,Tony,Jackson,7174079792,tony.jackson8@example.com,TRUE,TRUE,30318,buyer,new,A-1233,L-20133,call,2026-05-10 22:37:00,no_answer,AGT-120,
L-20030,SellFast Direct,2026-05-05 18:18:00,Brian,Taylor,(841) 444-5499,brian.taylor70@example.com,TRUE,TRUE,30318,seller,new,A-1062,L-20030,call,2026-05-05 18:23:00,no_answer,AGT-125,
L-20030,SellFast Direct,2026-05-05 18:18:00,Brian,Taylor,(841) 444-5499,brian.taylor70@example.com,TRUE,TRUE,30318,seller,new,A-1063,L-20030,sms,2026-05-05 18:32:00,delivered,AGT-125,
L-20030,SellFast Direct,2026-05-05 18:18:00,Brian,Taylor,(841) 444-5499,brian.taylor70@example.com,TRUE,TRUE,30318,seller,new,A-1064,L-20030,call,2026-05-05 23:23:00,completed,AGT-125,
L-20058,SellFast Direct,2026-05-05 10:24:00,Matt,Hall,+15094037302,matt.hall90@example.com,TRUE,TRUE,63101,buyer,new,A-1119,L-20058,call,2026-05-05 10:30:00,no_answer,AGT-101,
L-20058,SellFast Direct,2026-05-05 10:24:00,Matt,Hall,+15094037302,matt.hall90@example.com,TRUE,TRUE,63101,buyer,new,A-1120,L-20058,sms,2026-05-05 10:34:00,delivered,AGT-101,
L-20050,OfferNest,2026-05-04 17:38:00,Michael,Young,494.648.8941,michael.young40@example.com,FALSE,TRUE,63101,buyer,new,A-1102,L-20050,call,2026-05-04 17:41:00,voicemail,AGT-115,
L-20179,SellFast Direct,2026-05-11 8:40:00,Kevin,Perez,(475) 842-7786,kevin.perez99@example.com,TRUE,TRUE,43215,seller,new,A-1332,L-20179,call,2026-05-11 8:47:00,no_answer,AGT-130,
L-20105,AgentMatch Pro,2026-05-14 7:31:00,John,Perez,+14159857825,john.perez83@example.com,FALSE,TRUE,89108,seller,new,A-1210,L-20105,call,2026-05-14 7:43:00,completed,AGT-126,
L-20105,AgentMatch Pro,2026-05-14 7:31:00,John,Perez,+14159857825,john.perez83@example.com,FALSE,TRUE,89108,seller,new,A-1211,L-20105,call,2026-05-14 9:43:00,completed,AGT-126,
L-20132,LeadBridge,2026-05-09 15:28:00,Tony,Jackson,717.407.9792,tony.jackson27@example.com,TRUE,TRUE,89108,seller,new,A-1230,L-20132,call,2026-05-09 15:37:00,completed,AGT-137,
L-20036,OfferNest,2026-05-15 19:19:00,Daniel,White,403.277.4978,daniel.white16@example.com,FALSE,TRUE,63101,seller,new,A-1074,L-20036,call,2026-05-15 19:29:00,no_answer,AGT-128,
L-20036,OfferNest,2026-05-15 19:19:00,Daniel,White,403.277.4978,daniel.white16@example.com,FALSE,TRUE,63101,seller,new,A-1075,L-20036,call,2026-05-16 2:29:00,completed,AGT-128,
L-20155,AgentMatch Pro,2026-05-08 19:15:00,Megan,Martin,+18765892404,megan.martin11@example.com,FALSE,TRUE,30318,buyer,new,A-1283,L-20155,call,2026-05-08 19:27:00,no_answer,AGT-110,
L-20155,AgentMatch Pro,2026-05-08 19:15:00,Megan,Martin,+18765892404,megan.martin11@example.com,FALSE,TRUE,30318,buyer,new,A-1284,L-20155,sms,2026-05-08 19:35:00,delivered,AGT-110,
L-20095,HomeFlow,2026-05-05 19:23:00,Diana,Clark,2488716438,diana.clark57@example.com,TRUE,TRUE,28269,seller,new,A-1190,L-20095,call,2026-05-05 19:32:00,no_answer,AGT-132,
L-20095,HomeFlow,2026-05-05 19:23:00,Diana,Clark,2488716438,diana.clark57@example.com,TRUE,TRUE,28269,seller,new,A-1191,L-20095,sms,2026-05-05 19:51:00,delivered,AGT-132,
L-20095,HomeFlow,2026-05-05 19:23:00,Diana,Clark,2488716438,diana.clark57@example.com,TRUE,TRUE,28269,seller,new,A-1192,L-20095,call,2026-05-05 21:32:00,no_answer,AGT-132,
L-20028,OfferNest,2026-05-16 13:14:00,Karen,Jones,8719041090,karen.jones67@example.com,TRUE,TRUE,63101,seller,new,A-1059,L-20028,call,2026-05-16 13:17:00,completed,AGT-130,
L-20114,OfferNest,2026-05-12 20:45:00,Chris,Lewis,+16857318487,chris.lewis18@example.com,TRUE,TRUE,75217,seller,new,,,,,,,lead.csv only
L-20090,ListingLoop,2026-05-11 14:39:00,Michael,Johnson,+14936833273,,TRUE,TRUE,85032,seller,new,A-1179,L-20090,call,2026-05-11 14:49:00,no_answer,AGT-139,
L-20090,ListingLoop,2026-05-11 14:39:00,Michael,Johnson,+14936833273,,TRUE,TRUE,85032,seller,new,A-1180,L-20090,sms,2026-05-11 14:55:00,delivered,AGT-139,
L-20151,OfferNest,2026-05-05 16:24:00,Karen,White,+14315072320,karen.white56@example.com,TRUE,TRUE,75217,seller,new,A-1276,L-20151,call,2026-05-05 16:35:00,completed,AGT-131,
L-20104,OfferNest,2026-05-12 17:10:00,John,Jones,840.510.9740,john.jones22@example.com,TRUE,TRUE,75217,seller,new,A-1207,L-20104,call,2026-05-12 17:21:00,voicemail,AGT-103,
L-20104,OfferNest,2026-05-12 17:10:00,John,Jones,840.510.9740,john.jones22@example.com,TRUE,TRUE,75217,seller,new,A-1208,L-20104,sms,2026-05-12 17:24:00,delivered,AGT-103,
L-20104,OfferNest,2026-05-12 17:10:00,John,Jones,840.510.9740,john.jones22@example.com,TRUE,TRUE,75217,seller,new,A-1209,L-20104,call,2026-05-13 0:21:00,no_answer,AGT-103,
L-20071,ListingLoop,2026-05-04 11:38:00,Megan,Brown,620-562-7929,megan.brown65@example.com,TRUE,TRUE,30318,buyer,new,A-1145,L-20071,call,2026-05-04 11:43:00,no_answer,AGT-107,
L-20071,ListingLoop,2026-05-04 11:38:00,Megan,Brown,620-562-7929,megan.brown65@example.com,TRUE,TRUE,30318,buyer,new,A-1146,L-20071,sms,2026-05-04 12:03:00,delivered,AGT-107,
L-20071,ListingLoop,2026-05-04 11:38:00,Megan,Brown,620-562-7929,megan.brown65@example.com,TRUE,TRUE,30318,buyer,new,A-1147,L-20071,call,2026-05-04 19:43:00,completed,AGT-107,
L-20119,OfferNest,2026-05-15 18:32:00,Greg,Lee,+16829532020,greg.lee72@example.com,TRUE,TRUE,89108,buyer,new,,,,,,,lead.csv only
L-20033,OfferNest,2026-05-14 13:08:00,Daniel,Martin,7778781444,daniel.martin34@example.com,FALSE,TRUE,28269,seller,new,A-1069,L-20033,call,2026-05-14 13:17:00,completed,AGT-121,
L-20077,HomeFlow,2026-05-05 13:01:00,Kevin,Anderson,7876147843,kevin.anderson80@example.com,,TRUE,28269,seller,new,A-1156,L-20077,call,2026-05-05 13:09:00,completed,AGT-107,
L-20077,HomeFlow,2026-05-05 13:01:00,Kevin,Anderson,7876147843,kevin.anderson80@example.com,,TRUE,28269,seller,new,A-1157,L-20077,call,2026-05-05 16:09:00,completed,AGT-107,
L-20160,HomeFlow,2026-05-09 16:44:00,Matt,Hernandez,640-866-3230,matt.hernandez41@example.com,TRUE,TRUE,43215,seller,new,A-1293,L-20160,sms,2026-05-09 16:56:00,failed_err30006_landline,AGT-119,
L-20160,HomeFlow,2026-05-09 16:44:00,Matt,Hernandez,640-866-3230,matt.hernandez41@example.com,TRUE,TRUE,43215,seller,new,A-1294,L-20160,sms,2026-05-09 17:03:00,failed_err30006_landline,AGT-119,
L-20160,HomeFlow,2026-05-09 16:44:00,Matt,Hernandez,640-866-3230,matt.hernandez41@example.com,TRUE,TRUE,43215,seller,new,A-1295,L-20160,sms,2026-05-09 17:10:00,failed_err30006_landline,AGT-119,
L-20184,AgentMatch Pro,2026-05-14 14:00:00,David,Taylor,+12793354705,,TRUE,TRUE,78704,buyer,new,A-1337,L-20184,call,2026-05-14 14:04:00,no_answer,AGT-131,
L-20009,AgentMatch Pro,2026-05-09 14:01:00,Greg,Garcia,752-743-1009,greg.garcia40@example.com,TRUE,TRUE,63101,seller,new,A-1018,L-20009,call,2026-05-09 14:12:00,completed,AGT-106,
L-20195,LeadBridge,2026-05-11 12:24:00,Diana,Hall,(212) 450-1753,diana.hall23@example.com,TRUE,TRUE,32801,buyer,new,A-1357,L-20195,call,2026-05-11 15:31:00,completed,AGT-121,
L-20170,AgentMatch Pro,2026-05-06 17:45:00,Kevin,Brown,556.560.8501,kevin.brown79@example.com,TRUE,TRUE,78704,seller,new,A-1321,L-20170,sms,2026-05-06 17:48:00,failed_err30006_landline,AGT-121,
L-20170,AgentMatch Pro,2026-05-06 17:45:00,Kevin,Brown,556.560.8501,kevin.brown79@example.com,TRUE,TRUE,78704,seller,new,A-1322,L-20170,sms,2026-05-06 17:55:00,failed_err30006_landline,AGT-121,
L-20171,AgentMatch Pro,2026-05-10 13:38:00,Lisa,Brown,3875823316,lisa.brown50@example.com,TRUE,TRUE,30318,buyer,new,A-1323,L-20171,sms,2026-05-10 13:50:00,failed_err30006_landline,AGT-135,
L-20171,AgentMatch Pro,2026-05-10 13:38:00,Lisa,Brown,3875823316,lisa.brown50@example.com,TRUE,TRUE,30318,buyer,new,A-1324,L-20171,sms,2026-05-10 13:57:00,failed_err30006_landline,AGT-135,
L-20002,ListingLoop,2026-05-14 18:34:00,Karen,Moore,(816) 227-4257,karen.moore36@example.com,TRUE,TRUE,30318,buyer,new,A-1002,L-20002,call,2026-05-14 18:41:00,completed,AGT-118,
L-20173,SellFast Direct,2026-05-14 14:26:00,Tony,Wilson,7757179109,tony.wilson57@example.com,TRUE,TRUE,30318,seller,new,A-1326,L-20173,call,2026-05-14 14:37:00,no_answer,AGT-102,
L-20206,LeadBridge,2026-05-11 9:02:00,David,Young,391-481-5585,david.young79@example.com,TRUE,TRUE,37211,buyer,new,A-1377,L-20206,call,2026-05-11 12:57:00,no_answer,AGT-136,
L-20206,LeadBridge,2026-05-11 9:02:00,David,Young,391-481-5585,david.young79@example.com,TRUE,TRUE,37211,buyer,new,A-1378,L-20206,sms,2026-05-11 13:02:00,delivered,AGT-136,
L-20206,LeadBridge,2026-05-11 9:02:00,David,Young,391-481-5585,david.young79@example.com,TRUE,TRUE,37211,buyer,new,A-1379,L-20206,call,2026-05-11 15:57:00,no_answer,AGT-136,
L-20107,OfferNest,2026-05-15 7:32:00,Jessica,Brown,(526) 447-8642,jessica.brown19@example.com,TRUE,TRUE,63101,seller,new,,,,,,,lead.csv only
L-20138,LeadBridge,2026-05-07 19:55:00,Karen,Harris,245.611.8191,karen.harris18@example.com,TRUE,TRUE,37211,seller,new,A-1243,L-20138,call,2026-05-07 20:00:00,voicemail,AGT-120,
L-20138,LeadBridge,2026-05-07 19:55:00,Karen,Harris,245.611.8191,karen.harris18@example.com,TRUE,TRUE,37211,seller,new,A-1244,L-20138,sms,2026-05-07 20:19:00,delivered,AGT-120,
L-20138,LeadBridge,2026-05-07 19:55:00,Karen,Harris,245.611.8191,karen.harris18@example.com,TRUE,TRUE,37211,seller,new,A-1245,L-20138,call,2026-05-08 0:00:00,completed,AGT-120,
L-20120,OfferNest,2026-05-14 17:11:00,Matt,Young,+17455509950,matt.young93@example.com,TRUE,TRUE,75217,buyer,new,,,,,,,lead.csv only
L-20178,ListingLoop,2026-05-06 18:55:00,Michael,Clark,+16212605543,michael.clark19@example.com,TRUE,TRUE,85032,buyer,new,A-1331,L-20178,call,2026-05-06 19:04:00,no_answer,AGT-110,
L-20059,LeadBridge,2026-05-14 10:39:00,Rachel,Taylor,493-435-6772,rachel.taylor99@example.com,TRUE,TRUE,78704,seller,new,A-1121,L-20059,call,2026-05-14 10:45:00,completed,AGT-129,
L-20112,OfferNest,2026-05-12 3:24:00,Brian,Thomas,(982) 763-5582,brian.thomas79@example.com,FALSE,TRUE,30318,seller,new,,,,,,,lead.csv only
L-20035,HomeFlow,2026-05-06 16:38:00,Kevin,Miller,+16769165198,kevin.miller21@example.com,,TRUE,78704,seller,new,A-1073,L-20035,call,2026-05-06 16:44:00,no_answer,AGT-137,
L-20087,ListingLoop,2026-05-13 14:29:00,Laura,Lewis,680.398.7026,laura.lewis65@example.com,TRUE,TRUE,43215,seller,new,A-1174,L-20087,call,2026-05-13 14:34:00,completed,AGT-139,
L-20108,OfferNest,2026-05-15 11:55:00,Ashley,Anderson,454-363-6364,ashley.anderson25@example.com,,TRUE,89108,buyer,new,,,,,,,lead.csv only
L-20032,HomeFlow,2026-05-10 14:01:00,Ashley,Allen,425-699-4595,ashley.allen52@example.com,TRUE,TRUE,89108,seller,new,A-1068,L-20032,call,2026-05-10 14:12:00,completed,AGT-135,
L-20106,OfferNest,2026-05-15 19:30:00,Matt,Miller,+15488213353,matt.miller94@example.com,TRUE,TRUE,43215,seller,new,,,,,,,lead.csv only
L-20011,OfferNest,2026-05-09 7:37:00,Brian,Thomas,(323) 453-4681,brian.thomas1@example.com,TRUE,TRUE,63101,seller,new,A-1021,L-20011,call,2026-05-09 7:40:00,voicemail,AGT-103,
L-20011,OfferNest,2026-05-09 7:37:00,Brian,Thomas,(323) 453-4681,brian.thomas1@example.com,TRUE,TRUE,63101,seller,new,A-1022,L-20011,sms,2026-05-09 7:45:00,delivered,AGT-103,
L-20011,OfferNest,2026-05-09 7:37:00,Brian,Thomas,(323) 453-4681,brian.thomas1@example.com,TRUE,TRUE,63101,seller,new,A-1023,L-20011,call,2026-05-09 11:40:00,no_answer,AGT-103,
L-20027,LeadBridge,2026-05-14 11:14:00,Megan,Perez,834-543-2530,megan.perez6@example.com,FALSE,TRUE,89108,seller,new,A-1057,L-20027,call,2026-05-14 11:23:00,voicemail,AGT-127,
L-20027,LeadBridge,2026-05-14 11:14:00,Megan,Perez,834-543-2530,megan.perez6@example.com,FALSE,TRUE,89108,seller,new,A-1058,L-20027,call,2026-05-14 19:23:00,no_answer,AGT-127,
L-20102,ListingLoop,2026-05-15 14:33:00,Paul,Williams,(267) 516-7523,paul.williams74@example.com,TRUE,TRUE,30318,seller,new,A-1201,L-20102,call,2026-05-15 14:45:00,no_answer,AGT-105,
L-20102,ListingLoop,2026-05-15 14:33:00,Paul,Williams,(267) 516-7523,paul.williams74@example.com,TRUE,TRUE,30318,seller,new,A-1202,L-20102,sms,2026-05-15 15:04:00,delivered,AGT-105,
L-20102,ListingLoop,2026-05-15 14:33:00,Paul,Williams,(267) 516-7523,paul.williams74@example.com,TRUE,TRUE,30318,seller,new,A-1203,L-20102,call,2026-05-15 22:45:00,no_answer,AGT-105,
L-20025,ListingLoop,2026-05-10 12:25:00,Rachel,Allen,5077196067,rachel.allen25@example.com,TRUE,TRUE,43215,seller,new,A-1055,L-20025,call,2026-05-10 12:36:00,completed,AGT-137,
L-20004,OfferNest,2026-05-10 11:29:00,Megan,Davis,+14962814814,megan.davis48@example.com,TRUE,TRUE,85032,seller,new,A-1006,L-20004,call,2026-05-10 11:41:00,no_answer,AGT-105,
L-20004,OfferNest,2026-05-10 11:29:00,Megan,Davis,+14962814814,megan.davis48@example.com,TRUE,TRUE,85032,seller,new,A-1007,L-20004,sms,2026-05-10 11:49:00,delivered,AGT-105,
L-20004,OfferNest,2026-05-10 11:29:00,Megan,Davis,+14962814814,megan.davis48@example.com,TRUE,TRUE,85032,seller,new,A-1008,L-20004,call,2026-05-10 14:41:00,completed,AGT-105,
L-20055,ListingLoop,2026-05-15 19:31:00,Diana,Thompson,(746) 589-6188,,FALSE,TRUE,85032,seller,new,A-1112,L-20055,call,2026-05-15 19:36:00,no_answer,AGT-106,
L-20055,ListingLoop,2026-05-15 19:31:00,Diana,Thompson,(746) 589-6188,,FALSE,TRUE,85032,seller,new,A-1113,L-20055,call,2026-05-15 22:36:00,no_answer,AGT-106,
L-20186,HomeFlow,2026-05-15 10:40:00,James,Lee,865.368.8210,james.lee53@example.com,TRUE,TRUE,89108,seller,new,A-1339,L-20186,call,2026-05-15 10:43:00,no_answer,AGT-107,
L-20054,SellFast Direct,2026-05-04 18:09:00,Linda,Hall,(650) 302-9617,linda.hall20@example.com,TRUE,TRUE,89108,seller,new,A-1110,L-20054,call,2026-05-04 18:16:00,no_answer,AGT-140,
L-20054,SellFast Direct,2026-05-04 18:09:00,Linda,Hall,(650) 302-9617,linda.hall20@example.com,TRUE,TRUE,89108,seller,new,A-1111,L-20054,sms,2026-05-04 18:21:00,delivered,AGT-140,
L-20191,LeadBridge,2026-05-10 16:40:00,Heather,Miller,(359) 749-6353,heather.miller84@example.com,TRUE,TRUE,37211,buyer,new,A-1349,L-20191,call,2026-05-10 21:56:00,completed,AGT-116,
L-20078,LeadBridge,2026-05-05 15:40:00,Lisa,Harris,+15474266456,lisa.harris45@example.com,TRUE,TRUE,30318,seller,new,A-1158,L-20078,call,2026-05-05 15:43:00,completed,AGT-110,
L-20067,LeadBridge,2026-05-08 7:08:00,Laura,Davis,(802) 531-1258,laura.davis96@example.com,TRUE,TRUE,89108,buyer,new,A-1134,L-20067,call,2026-05-08 7:15:00,no_answer,AGT-133,
L-20067,LeadBridge,2026-05-08 7:08:00,Laura,Davis,(802) 531-1258,laura.davis96@example.com,TRUE,TRUE,89108,buyer,new,A-1135,L-20067,sms,2026-05-08 7:32:00,delivered,AGT-133,
L-20067,LeadBridge,2026-05-08 7:08:00,Laura,Davis,(802) 531-1258,laura.davis96@example.com,TRUE,TRUE,89108,buyer,new,A-1136,L-20067,call,2026-05-08 13:15:00,completed,AGT-133,
L-20128,OfferNest,2026-05-09 9:00:00,James,Harris,5455024164,james.harris52@example.com,TRUE,TRUE,32801,seller,new,A-1220,L-20128,call,2026-05-09 9:03:00,no_answer,AGT-126,
L-20128,OfferNest,2026-05-09 9:00:00,James,Harris,5455024164,james.harris52@example.com,TRUE,TRUE,32801,seller,new,A-1221,L-20128,sms,2026-05-09 9:11:00,delivered,AGT-126,
L-20081,AgentMatch Pro,2026-05-14 10:20:00,Kevin,Jackson,9562428368,kevin.jackson8@example.com,TRUE,TRUE,78704,seller,new,A-1163,L-20081,call,2026-05-14 10:23:00,no_answer,AGT-133,
L-20081,AgentMatch Pro,2026-05-14 10:20:00,Kevin,Jackson,9562428368,kevin.jackson8@example.com,TRUE,TRUE,78704,seller,new,A-1164,L-20081,sms,2026-05-14 10:27:00,delivered,AGT-133,
L-20081,AgentMatch Pro,2026-05-14 10:20:00,Kevin,Jackson,9562428368,kevin.jackson8@example.com,TRUE,TRUE,78704,seller,new,A-1165,L-20081,call,2026-05-14 15:23:00,no_answer,AGT-133,
L-20099,SellFast Direct,2026-05-12 13:58:00,Karen,Brown,2269534048,karen.brown34@example.com,TRUE,TRUE,85032,seller,new,A-1198,L-20099,call,2026-05-12 14:07:00,completed,AGT-113,
L-20101,OfferNest,2026-05-07 19:08:00,Eric,Garcia,570.720.4673,eric.garcia47@example.com,TRUE,TRUE,75217,seller,new,A-1200,L-20101,call,2026-05-07 19:17:00,completed,AGT-136,
L-20075,OfferNest,2026-05-07 13:38:00,Megan,Martin,698-739-6053,megan.martin28@example.com,TRUE,TRUE,37211,seller,new,A-1153,L-20075,call,2026-05-07 13:45:00,completed,AGT-108,
L-20065,ListingLoop,2026-05-07 17:40:00,John,Miller,+13256652501,,TRUE,TRUE,85032,seller,new,A-1131,L-20065,call,2026-05-07 17:51:00,completed,AGT-114,
L-20147,LeadBridge,2026-05-17 1:22:00,Greg,Walker,(700) 940-9037,greg.walker83@example.com,TRUE,TRUE,32801,seller,new,A-1268,L-20147,call,2026-05-17 1:26:00,completed,AGT-101,
L-20116,OfferNest,2026-05-11 13:23:00,Chris,Thompson,(312) 626-6040,chris.thompson89@example.com,FALSE,TRUE,75217,buyer,new,,,,,,,lead.csv only
L-20066,LeadBridge,2026-05-09 19:09:00,Greg,Jackson,412-800-4538,greg.jackson36@example.com,FALSE,TRUE,30318,seller,new,A-1132,L-20066,call,2026-05-09 19:13:00,no_answer,AGT-108,
L-20066,LeadBridge,2026-05-09 19:09:00,Greg,Jackson,412-800-4538,greg.jackson36@example.com,FALSE,TRUE,30318,seller,new,A-1133,L-20066,call,2026-05-09 21:13:00,completed,AGT-108,
L-20188,LeadBridge,2026-05-12 16:32:00,Scott,Smith,+18745084366,scott.smith51@example.com,TRUE,TRUE,63101,seller,new,A-1342,L-20188,call,2026-05-12 20:48:00,completed,AGT-125,
L-20157,AgentMatch Pro,2026-05-13 19:20:00,Linda,Smith,+12915622524,linda.smith2@example.com,,TRUE,43215,buyer,new,A-1287,L-20157,call,2026-05-13 19:23:00,no_answer,AGT-136,
L-20157,AgentMatch Pro,2026-05-13 19:20:00,Linda,Smith,+12915622524,linda.smith2@example.com,,TRUE,43215,buyer,new,A-1288,L-20157,sms,2026-05-13 19:28:00,delivered,AGT-136,
L-20053,AgentMatch Pro,2026-05-10 10:54:00,Chris,Hall,3939144912,,TRUE,TRUE,43215,buyer,new,A-1107,L-20053,call,2026-05-10 11:06:00,no_answer,AGT-110,
L-20053,AgentMatch Pro,2026-05-10 10:54:00,Chris,Hall,3939144912,,TRUE,TRUE,43215,buyer,new,A-1108,L-20053,sms,2026-05-10 11:10:00,delivered,AGT-110,
L-20053,AgentMatch Pro,2026-05-10 10:54:00,Chris,Hall,3939144912,,TRUE,TRUE,43215,buyer,new,A-1109,L-20053,call,2026-05-10 17:06:00,completed,AGT-110,
L-20012,LeadBridge,2026-05-16 14:51:00,David,Jackson,3359408744,david.jackson85@example.com,TRUE,TRUE,28269,buyer,new,A-1024,L-20012,call,2026-05-16 14:59:00,voicemail,AGT-130,
L-20012,LeadBridge,2026-05-16 14:51:00,David,Jackson,3359408744,david.jackson85@example.com,TRUE,TRUE,28269,buyer,new,A-1025,L-20012,sms,2026-05-16 15:03:00,delivered,AGT-130,
L-20012,LeadBridge,2026-05-16 14:51:00,David,Jackson,3359408744,david.jackson85@example.com,TRUE,TRUE,28269,buyer,new,A-1026,L-20012,call,2026-05-16 21:59:00,completed,AGT-130,
L-20022,HomeFlow,2026-05-06 19:44:00,Emily,Lewis,885-952-5065,emily.lewis61@example.com,TRUE,TRUE,85032,buyer,new,A-1047,L-20022,call,2026-05-06 19:51:00,voicemail,AGT-120,
L-20022,HomeFlow,2026-05-06 19:44:00,Emily,Lewis,885-952-5065,emily.lewis61@example.com,TRUE,TRUE,85032,buyer,new,A-1048,L-20022,sms,2026-05-06 20:01:00,delivered,AGT-120,
L-20022,HomeFlow,2026-05-06 19:44:00,Emily,Lewis,885-952-5065,emily.lewis61@example.com,TRUE,TRUE,85032,buyer,new,A-1049,L-20022,call,2026-05-07 2:51:00,completed,AGT-120,
L-20103,SellFast Direct,2026-05-12 7:53:00,Eric,Martin,386-986-3114,eric.martin22@example.com,TRUE,TRUE,28269,seller,new,A-1204,L-20103,call,2026-05-12 8:00:00,voicemail,AGT-134,
L-20103,SellFast Direct,2026-05-12 7:53:00,Eric,Martin,386-986-3114,eric.martin22@example.com,TRUE,TRUE,28269,seller,new,A-1205,L-20103,sms,2026-05-12 8:05:00,delivered,AGT-134,
L-20103,SellFast Direct,2026-05-12 7:53:00,Eric,Martin,386-986-3114,eric.martin22@example.com,TRUE,TRUE,28269,seller,new,A-1206,L-20103,call,2026-05-12 15:00:00,no_answer,AGT-134,
L-20176,LeadBridge,2026-05-07 19:47:00,John,Lopez,289.649.2923,john.lopez45@example.com,TRUE,TRUE,43215,seller,new,A-1329,L-20176,call,2026-05-07 19:58:00,no_answer,AGT-109,
L-20031,SellFast Direct,2026-05-16 16:44:00,Matt,Anderson,2634117883,matt.anderson74@example.com,TRUE,TRUE,89108,seller,new,A-1065,L-20031,call,2026-05-16 16:51:00,no_answer,AGT-120,
L-20031,SellFast Direct,2026-05-16 16:44:00,Matt,Anderson,2634117883,matt.anderson74@example.com,TRUE,TRUE,89108,seller,new,A-1066,L-20031,sms,2026-05-16 17:07:00,delivered,AGT-120,
L-20031,SellFast Direct,2026-05-16 16:44:00,Matt,Anderson,2634117883,matt.anderson74@example.com,TRUE,TRUE,89108,seller,new,A-1067,L-20031,call,2026-05-16 23:51:00,no_answer,AGT-120,
L-20115,OfferNest,2026-05-13 2:25:00,Ashley,Harris,506.807.6511,ashley.harris63@example.com,TRUE,TRUE,37211,buyer,new,,,,,,,lead.csv only
L-20043,SellFast Direct,2026-05-05 16:40:00,Diana,Taylor,+13162667565,diana.taylor73@example.com,TRUE,TRUE,78704,seller,new,A-1086,L-20043,call,2026-05-05 16:43:00,no_answer,AGT-136,
L-20043,SellFast Direct,2026-05-05 16:40:00,Diana,Taylor,+13162667565,diana.taylor73@example.com,TRUE,TRUE,78704,seller,new,A-1087,L-20043,sms,2026-05-05 16:53:00,delivered,AGT-136,
L-20122,OfferNest,2026-05-15 2:35:00,Heather,Young,9384805715,heather.young49@example.com,TRUE,TRUE,28269,seller,new,,,,,,,lead.csv only
L-20172,LeadBridge,2026-05-09 14:39:00,Jessica,Garcia,+17014953298,,TRUE,TRUE,63101,buyer,new,A-1325,L-20172,call,2026-05-09 14:43:00,no_answer,AGT-113,
L-20014,LeadBridge,2026-05-10 14:30:00,Jessica,Walker,215-295-4872,jessica.walker8@example.com,TRUE,TRUE,43215,seller,new,A-1028,L-20014,call,2026-05-10 14:38:00,voicemail,AGT-117,
L-20014,LeadBridge,2026-05-10 14:30:00,Jessica,Walker,215-295-4872,jessica.walker8@example.com,TRUE,TRUE,43215,seller,new,A-1029,L-20014,sms,2026-05-10 14:55:00,delivered,AGT-117,
L-20014,LeadBridge,2026-05-10 14:30:00,Jessica,Walker,215-295-4872,jessica.walker8@example.com,TRUE,TRUE,43215,seller,new,A-1030,L-20014,call,2026-05-10 21:38:00,no_answer,AGT-117,
L-20093,AgentMatch Pro,2026-05-15 19:21:00,Robert,Lopez,446-950-2698,robert.lopez44@example.com,TRUE,TRUE,89108,buyer,new,A-1187,L-20093,call,2026-05-15 19:33:00,voicemail,AGT-112,
L-20093,AgentMatch Pro,2026-05-15 19:21:00,Robert,Lopez,446-950-2698,robert.lopez44@example.com,TRUE,TRUE,89108,buyer,new,A-1188,L-20093,sms,2026-05-15 19:38:00,delivered,AGT-112,
L-20096,HomeFlow,2026-05-09 8:05:00,Robert,Anderson,816.384.9937,robert.anderson58@example.com,TRUE,TRUE,43215,seller,new,A-1193,L-20096,call,2026-05-09 8:14:00,no_answer,AGT-123,
L-20096,HomeFlow,2026-05-09 8:05:00,Robert,Anderson,816.384.9937,robert.anderson58@example.com,TRUE,TRUE,43215,seller,new,A-1194,L-20096,sms,2026-05-09 8:28:00,delivered,AGT-123,
L-20096,HomeFlow,2026-05-09 8:05:00,Robert,Anderson,816.384.9937,robert.anderson58@example.com,TRUE,TRUE,43215,seller,new,A-1195,L-20096,call,2026-05-09 13:14:00,completed,AGT-123,
L-20199,LeadBridge,2026-05-05 7:58:00,Emily,Taylor,2613455584,emily.taylor67@example.com,TRUE,TRUE,28269,buyer,new,A-1365,L-20199,call,2026-05-05 13:19:00,no_answer,AGT-106,
L-20199,LeadBridge,2026-05-05 7:58:00,Emily,Taylor,2613455584,emily.taylor67@example.com,TRUE,TRUE,28269,buyer,new,A-1366,L-20199,sms,2026-05-05 13:38:00,delivered,AGT-106,
L-20199,LeadBridge,2026-05-05 7:58:00,Emily,Taylor,2613455584,emily.taylor67@example.com,TRUE,TRUE,28269,buyer,new,A-1367,L-20199,call,2026-05-05 21:19:00,completed,AGT-106,
L-20142,HomeFlow,2026-05-14 16:38:00,Robert,Jackson,(941) 395-1844,,TRUE,TRUE,85032,seller,new,A-1254,L-20142,call,2026-05-14 16:43:00,no_answer,AGT-108,
L-20142,HomeFlow,2026-05-14 16:38:00,Robert,Jackson,(941) 395-1844,,TRUE,TRUE,85032,seller,new,A-1255,L-20142,sms,2026-05-14 17:01:00,delivered,AGT-108,
L-20200,LeadBridge,2026-05-07 11:16:00,Kevin,Martin,+12636453141,kevin.martin51@example.com,TRUE,TRUE,28269,buyer,new,A-1368,L-20200,call,2026-05-07 14:35:00,completed,AGT-115,
L-20073,SellFast Direct,2026-05-10 14:21:00,James,Williams,964.743.4524,james.williams42@example.com,TRUE,TRUE,75217,seller,new,A-1151,L-20073,call,2026-05-10 14:23:00,completed,AGT-110,
L-20117,OfferNest,2026-05-14 4:41:00,Laura,Clark,792.791.4728,laura.clark22@example.com,TRUE,TRUE,75217,buyer,new,,,,,,,lead.csv only
L-20074,SellFast Direct,2026-05-14 13:31:00,Ashley,Johnson,890.283.5458,ashley.johnson28@example.com,TRUE,TRUE,78704,seller,new,A-1152,L-20074,call,2026-05-14 13:39:00,completed,AGT-108,
L-20168,OfferNest,2026-05-15 16:56:00,Sarah,Perez,8736427481,sarah.perez76@example.com,TRUE,TRUE,43215,seller,new,A-1315,L-20168,sms,2026-05-15 17:01:00,failed_err30006_landline,AGT-114,
L-20168,OfferNest,2026-05-15 16:56:00,Sarah,Perez,8736427481,sarah.perez76@example.com,TRUE,TRUE,43215,seller,new,A-1316,L-20168,sms,2026-05-15 17:08:00,failed_err30006_landline,AGT-114,
L-20168,OfferNest,2026-05-15 16:56:00,Sarah,Perez,8736427481,sarah.perez76@example.com,TRUE,TRUE,43215,seller,new,A-1317,L-20168,sms,2026-05-15 17:15:00,failed_err30006_landline,AGT-114,
L-20131,OfferNest,2026-05-08 12:00:00,Emily,White,762-682-9806,emily.white98@example.com,FALSE,TRUE,75217,seller,new,A-1227,L-20131,call,2026-05-08 12:10:00,no_answer,AGT-129,
L-20131,OfferNest,2026-05-08 12:00:00,Emily,White,762-682-9806,emily.white98@example.com,FALSE,TRUE,75217,seller,new,A-1228,L-20131,sms,2026-05-08 12:24:00,delivered,AGT-129,
L-20131,OfferNest,2026-05-08 12:00:00,Emily,White,762-682-9806,emily.white98@example.com,FALSE,TRUE,75217,seller,new,A-1229,L-20131,call,2026-05-08 18:10:00,completed,AGT-129,
L-20017,LeadBridge,2026-05-14 17:19:00,Scott,Hernandez,(444) 471-7484,scott.hernandez10@example.com,TRUE,TRUE,89108,seller,new,A-1035,L-20017,call,2026-05-14 17:22:00,completed,AGT-135,
L-20038,AgentMatch Pro,2026-05-13 17:24:00,Robert,Rodriguez,661-449-8613,robert.rodriguez42@example.com,TRUE,TRUE,89108,seller,new,A-1079,L-20038,call,2026-05-13 17:31:00,completed,AGT-117,
L-20040,ListingLoop,2026-05-13 12:30:00,Karen,Wilson,908.449.6016,karen.wilson96@example.com,TRUE,TRUE,28269,seller,new,A-1081,L-20040,call,2026-05-13 12:39:00,completed,AGT-118,
L-20149,SellFast Direct,2026-05-05 1:34:00,Matt,Lopez,261.832.8916,matt.lopez3@example.com,TRUE,TRUE,43215,seller,new,A-1272,L-20149,call,2026-05-05 1:41:00,no_answer,AGT-118,
L-20149,SellFast Direct,2026-05-05 1:34:00,Matt,Lopez,261.832.8916,matt.lopez3@example.com,TRUE,TRUE,43215,seller,new,A-1273,L-20149,sms,2026-05-05 1:46:00,delivered,AGT-118,
L-20149,SellFast Direct,2026-05-05 1:34:00,Matt,Lopez,261.832.8916,matt.lopez3@example.com,TRUE,TRUE,43215,seller,new,A-1274,L-20149,call,2026-05-05 6:41:00,no_answer,AGT-118,
L-20097,HomeFlow,2026-05-12 19:47:00,Laura,Johnson,276.887.7655,laura.johnson19@example.com,TRUE,TRUE,89108,seller,new,A-1196,L-20097,call,2026-05-12 19:51:00,completed,AGT-105,
L-20110,OfferNest,2026-05-11 21:18:00,Amanda,Lee,(869) 888-8710,,TRUE,TRUE,43215,seller,new,,,,,,,lead.csv only
L-20086,ListingLoop,2026-05-11 7:26:00,Sarah,Walker,909.989.3712,sarah.walker57@example.com,TRUE,TRUE,37211,buyer,new,A-1173,L-20086,call,2026-05-11 7:31:00,completed,AGT-135,
L-20029,SellFast Direct,2026-05-13 18:57:00,Matt,Thompson,7437726198,matt.thompson71@example.com,TRUE,TRUE,30318,buyer,new,A-1060,L-20029,call,2026-05-13 19:06:00,no_answer,AGT-117,
L-20029,SellFast Direct,2026-05-13 18:57:00,Matt,Thompson,7437726198,matt.thompson71@example.com,TRUE,TRUE,30318,buyer,new,A-1061,L-20029,sms,2026-05-13 19:17:00,delivered,AGT-117,
L-20130,OfferNest,2026-05-07 17:00:00,Brian,Young,+19209886095,brian.young38@example.com,TRUE,TRUE,75217,seller,new,A-1225,L-20130,call,2026-05-07 17:05:00,no_answer,AGT-109,
L-20130,OfferNest,2026-05-07 17:00:00,Brian,Young,+19209886095,brian.young38@example.com,TRUE,TRUE,75217,seller,new,A-1226,L-20130,sms,2026-05-07 17:22:00,delivered,AGT-109,
L-20079,LeadBridge,2026-05-16 17:31:00,Sarah,Lee,3569782234,sarah.lee75@example.com,TRUE,TRUE,75217,seller,new,A-1159,L-20079,call,2026-05-16 17:43:00,completed,AGT-121,
L-20193,LeadBridge,2026-05-09 9:47:00,Laura,Walker,(938) 465-3735,laura.walker35@example.com,TRUE,TRUE,63101,seller,new,A-1353,L-20193,call,2026-05-09 15:23:00,completed,AGT-128,
L-20181,AgentMatch Pro,2026-05-13 9:36:00,Amanda,Rodriguez,(530) 490-6533,amanda.rodriguez44@example.com,TRUE,TRUE,63101,seller,new,A-1334,L-20181,call,2026-05-13 9:48:00,no_answer,AGT-130,
L-20113,OfferNest,2026-05-15 13:23:00,Laura,Hernandez,(771) 574-3363,laura.hernandez65@example.com,TRUE,TRUE,63101,seller,new,,,,,,,lead.csv only
L-20023,ListingLoop,2026-05-12 13:43:00,Chris,Rodriguez,(271) 485-6753,chris.rodriguez4@example.com,,TRUE,37211,seller,new,A-1050,L-20023,call,2026-05-12 13:54:00,completed,AGT-117,
L-20023,ListingLoop,2026-05-12 13:43:00,Chris,Rodriguez,(271) 485-6753,chris.rodriguez4@example.com,,TRUE,37211,seller,new,A-1051,L-20023,call,2026-05-12 20:54:00,no_answer,AGT-117,
L-20174,HomeFlow,2026-05-07 15:18:00,Laura,Clark,425.499.1535,laura.clark59@example.com,TRUE,TRUE,89108,seller,new,A-1327,L-20174,call,2026-05-07 15:29:00,no_answer,AGT-108,
L-20084,OfferNest,2026-05-14 17:27:00,Megan,White,+19569019624,,TRUE,TRUE,30318,seller,new,A-1171,L-20084,call,2026-05-14 17:34:00,completed,AGT-132,
L-20063,OfferNest,2026-05-04 11:31:00,Lisa,Perez,618-319-3290,lisa.perez69@example.com,TRUE,TRUE,43215,buyer,new,A-1128,L-20063,call,2026-05-04 11:38:00,no_answer,AGT-135,
L-20063,OfferNest,2026-05-04 11:31:00,Lisa,Perez,618-319-3290,lisa.perez69@example.com,TRUE,TRUE,43215,buyer,new,A-1129,L-20063,sms,2026-05-04 11:45:00,delivered,AGT-135,
L-20158,HomeFlow,2026-05-08 14:09:00,Megan,Wilson,3733425405,,FALSE,TRUE,37211,buyer,new,A-1289,L-20158,call,2026-05-08 14:15:00,no_answer,AGT-131,
L-20158,HomeFlow,2026-05-08 14:09:00,Megan,Wilson,3733425405,,FALSE,TRUE,37211,buyer,new,A-1290,L-20158,sms,2026-05-08 14:18:00,delivered,AGT-131,
L-20056,OfferNest,2026-05-08 12:23:00,Scott,Martinez,229.247.6314,scott.martinez53@example.com,TRUE,TRUE,30318,seller,new,A-1114,L-20056,call,2026-05-08 12:27:00,no_answer,AGT-106,
L-20056,OfferNest,2026-05-08 12:23:00,Scott,Martinez,229.247.6314,scott.martinez53@example.com,TRUE,TRUE,30318,seller,new,A-1115,L-20056,sms,2026-05-08 12:42:00,delivered,AGT-106,
L-20056,OfferNest,2026-05-08 12:23:00,Scott,Martinez,229.247.6314,scott.martinez53@example.com,TRUE,TRUE,30318,seller,new,A-1116,L-20056,call,2026-05-08 15:27:00,no_answer,AGT-106,
L-20094,LeadBridge,2026-05-04 12:59:00,Matt,Johnson,5004061717,matt.johnson70@example.com,TRUE,TRUE,37211,seller,new,A-1189,L-20094,call,2026-05-04 13:11:00,completed,AGT-113,
L-20021,ListingLoop,2026-05-07 17:06:00,Heather,Lewis,240.566.4441,heather.lewis53@example.com,TRUE,TRUE,30318,seller,new,A-1044,L-20021,call,2026-05-07 17:10:00,voicemail,AGT-112,
L-20021,ListingLoop,2026-05-07 17:06:00,Heather,Lewis,240.566.4441,heather.lewis53@example.com,TRUE,TRUE,30318,seller,new,A-1045,L-20021,sms,2026-05-07 17:13:00,delivered,AGT-112,
L-20021,ListingLoop,2026-05-07 17:06:00,Heather,Lewis,240.566.4441,heather.lewis53@example.com,TRUE,TRUE,30318,seller,new,A-1046,L-20021,call,2026-05-07 21:10:00,no_answer,AGT-112,
L-20018,HomeFlow,2026-05-08 9:28:00,John,Jones,557.270.5002,john.jones79@example.com,FALSE,TRUE,63101,seller,new,A-1036,L-20018,call,2026-05-08 9:40:00,voicemail,AGT-107,
L-20018,HomeFlow,2026-05-08 9:28:00,John,Jones,557.270.5002,john.jones79@example.com,FALSE,TRUE,63101,seller,new,A-1037,L-20018,call,2026-05-08 12:40:00,no_answer,AGT-107,
L-20042,LeadBridge,2026-05-08 7:03:00,Nancy,Garcia,5092149751,nancy.garcia17@example.com,TRUE,TRUE,78704,seller,new,A-1083,L-20042,call,2026-05-08 7:14:00,no_answer,AGT-119,
L-20042,LeadBridge,2026-05-08 7:03:00,Nancy,Garcia,5092149751,nancy.garcia17@example.com,TRUE,TRUE,78704,seller,new,A-1084,L-20042,sms,2026-05-08 7:31:00,delivered,AGT-119,
L-20042,LeadBridge,2026-05-08 7:03:00,Nancy,Garcia,5092149751,nancy.garcia17@example.com,TRUE,TRUE,78704,seller,new,A-1085,L-20042,call,2026-05-08 9:14:00,completed,AGT-119,
L-20039,AgentMatch Pro,2026-05-07 8:15:00,Paul,Lee,918-482-1166,paul.lee98@example.com,TRUE,TRUE,89108,buyer,new,A-1080,L-20039,call,2026-05-07 8:24:00,completed,AGT-102,
L-20044,HomeFlow,2026-05-13 16:03:00,Daniel,Thomas,653-504-8025,daniel.thomas98@example.com,TRUE,TRUE,85032,seller,new,A-1088,L-20044,call,2026-05-13 16:15:00,completed,AGT-106,
L-20013,LeadBridge,2026-05-07 15:28:00,Daniel,Harris,547-311-5073,daniel.harris60@example.com,TRUE,TRUE,78704,buyer,new,A-1027,L-20013,call,2026-05-07 15:38:00,completed,AGT-107,
L-20194,LeadBridge,2026-05-11 14:32:00,Robert,Rodriguez,929.790.2262,robert.rodriguez64@example.com,TRUE,TRUE,30318,seller,new,A-1354,L-20194,call,2026-05-11 17:22:00,no_answer,AGT-117,
L-20194,LeadBridge,2026-05-11 14:32:00,Robert,Rodriguez,929.790.2262,robert.rodriguez64@example.com,TRUE,TRUE,30318,seller,new,A-1355,L-20194,sms,2026-05-11 17:28:00,delivered,AGT-117,
L-20194,LeadBridge,2026-05-11 14:32:00,Robert,Rodriguez,929.790.2262,robert.rodriguez64@example.com,TRUE,TRUE,30318,seller,new,A-1356,L-20194,call,2026-05-11 23:22:00,completed,AGT-117,
L-20051,ListingLoop,2026-05-08 15:45:00,Matt,Brown,863-357-9165,matt.brown61@example.com,TRUE,TRUE,89108,seller,new,A-1103,L-20051,call,2026-05-08 15:53:00,voicemail,AGT-113,
L-20051,ListingLoop,2026-05-08 15:45:00,Matt,Brown,863-357-9165,matt.brown61@example.com,TRUE,TRUE,89108,seller,new,A-1104,L-20051,sms,2026-05-08 16:12:00,delivered,AGT-113,
L-20134,ListingLoop,2026-05-12 7:59:00,Kevin,Williams,(246) 633-6644,kevin.williams61@example.com,TRUE,TRUE,37211,buyer,new,A-1234,L-20134,call,2026-05-12 8:08:00,no_answer,AGT-125,
L-20134,ListingLoop,2026-05-12 7:59:00,Kevin,Williams,(246) 633-6644,kevin.williams61@example.com,TRUE,TRUE,37211,buyer,new,A-1235,L-20134,sms,2026-05-12 8:28:00,delivered,AGT-125,
L-20134,ListingLoop,2026-05-12 7:59:00,Kevin,Williams,(246) 633-6644,kevin.williams61@example.com,TRUE,TRUE,37211,buyer,new,A-1236,L-20134,call,2026-05-12 16:08:00,completed,AGT-125,
L-20124,OfferNest,2026-05-08 11:00:00,Michael,Brown,830-958-4920,michael.brown68@example.com,TRUE,TRUE,85032,seller,new,A-1212,L-20124,call,2026-05-08 11:03:00,completed,AGT-127,
L-20048,OfferNest,2026-05-11 12:26:00,John,Garcia,+17996469056,john.garcia21@example.com,TRUE,TRUE,43215,buyer,new,A-1098,L-20048,call,2026-05-11 12:32:00,voicemail,AGT-126,
L-20048,OfferNest,2026-05-11 12:26:00,John,Garcia,+17996469056,john.garcia21@example.com,TRUE,TRUE,43215,buyer,new,A-1099,L-20048,sms,2026-05-11 12:52:00,delivered,AGT-126,
L-20048,OfferNest,2026-05-11 12:26:00,John,Garcia,+17996469056,john.garcia21@example.com,TRUE,TRUE,43215,buyer,new,A-1100,L-20048,call,2026-05-11 14:32:00,completed,AGT-126,
L-20143,SellFast Direct,2026-05-15 8:38:00,Robert,Jackson,+19413951844,robert.jackson43@example.com,TRUE,TRUE,63101,seller,new,A-1256,L-20143,call,2026-05-15 8:49:00,no_answer,AGT-114,
L-20143,SellFast Direct,2026-05-15 8:38:00,Robert,Jackson,+19413951844,robert.jackson43@example.com,TRUE,TRUE,63101,seller,new,A-1257,L-20143,sms,2026-05-15 8:59:00,delivered,AGT-114,
L-20143,SellFast Direct,2026-05-15 8:38:00,Robert,Jackson,+19413951844,robert.jackson43@example.com,TRUE,TRUE,63101,seller,new,A-1258,L-20143,call,2026-05-15 16:49:00,completed,AGT-114,
L-20187,LeadBridge,2026-05-09 13:20:00,Michael,Clark,+13268037291,michael.clark32@example.com,TRUE,TRUE,78704,seller,new,A-1340,L-20187,call,2026-05-09 17:51:00,no_answer,AGT-139,
L-20187,LeadBridge,2026-05-09 13:20:00,Michael,Clark,+13268037291,michael.clark32@example.com,TRUE,TRUE,78704,seller,new,A-1341,L-20187,sms,2026-05-09 18:03:00,delivered,AGT-139,
L-20111,OfferNest,2026-05-14 4:46:00,Nancy,Clark,+16125741741,nancy.clark25@example.com,TRUE,TRUE,32801,seller,new,,,,,,,lead.csv only
L-20068,SellFast Direct,2026-05-14 7:03:00,Laura,Young,(874) 733-5941,laura.young55@example.com,,TRUE,89108,buyer,new,A-1137,L-20068,call,2026-05-14 7:06:00,completed,AGT-106,
L-20068,SellFast Direct,2026-05-14 7:03:00,Laura,Young,(874) 733-5941,laura.young55@example.com,,TRUE,89108,buyer,new,A-1138,L-20068,call,2026-05-14 11:06:00,completed,AGT-106,
L-20109,OfferNest,2026-05-16 16:56:00,Lisa,Taylor,223.292.7442,lisa.taylor28@example.com,TRUE,TRUE,28269,seller,new,,,,,,,lead.csv only
L-20141,HomeFlow,2026-05-15 21:26:00,Maria,Lopez,858-887-7244,maria.lopez39@example.com,TRUE,TRUE,89108,seller,new,A-1252,L-20141,call,2026-05-15 21:31:00,no_answer,AGT-122,
L-20141,HomeFlow,2026-05-15 21:26:00,Maria,Lopez,858-887-7244,maria.lopez39@example.com,TRUE,TRUE,89108,seller,new,A-1253,L-20141,sms,2026-05-15 21:48:00,delivered,AGT-122,
L-20164,HomeFlow,2026-05-16 13:06:00,Sarah,Perez,+18272457547,,TRUE,TRUE,85032,seller,new,A-1305,L-20164,sms,2026-05-16 13:13:00,failed_err30006_landline,AGT-129,
L-20164,HomeFlow,2026-05-16 13:06:00,Sarah,Perez,+18272457547,,TRUE,TRUE,85032,seller,new,A-1306,L-20164,sms,2026-05-16 13:20:00,failed_err30006_landline,AGT-129,
L-20164,HomeFlow,2026-05-16 13:06:00,Sarah,Perez,+18272457547,,TRUE,TRUE,85032,seller,new,A-1307,L-20164,sms,2026-05-16 13:27:00,failed_err30006_landline,AGT-129,
L-20144,HomeFlow,2026-05-12 14:29:00,Matt,Jackson,8645676053,matt.jackson93@example.com,TRUE,TRUE,28269,seller,new,A-1259,L-20144,call,2026-05-12 14:31:00,no_answer,AGT-117,
L-20144,HomeFlow,2026-05-12 14:29:00,Matt,Jackson,8645676053,matt.jackson93@example.com,TRUE,TRUE,28269,seller,new,A-1260,L-20144,sms,2026-05-12 14:47:00,delivered,AGT-117,
L-20144,HomeFlow,2026-05-12 14:29:00,Matt,Jackson,8645676053,matt.jackson93@example.com,TRUE,TRUE,28269,seller,new,A-1261,L-20144,call,2026-05-12 17:31:00,completed,AGT-117,
L-20118,OfferNest,2026-05-12 22:52:00,Megan,Davis,232-786-2800,megan.davis54@example.com,TRUE,TRUE,43215,seller,new,,,,,,,lead.csv only
L-20154,HomeFlow,2026-05-04 17:17:00,Ashley,Clark,8288097499,ashley.clark58@example.com,,TRUE,85032,seller,new,A-1281,L-20154,call,2026-05-04 17:27:00,no_answer,AGT-125,
L-20154,HomeFlow,2026-05-04 17:17:00,Ashley,Clark,8288097499,ashley.clark58@example.com,,TRUE,85032,seller,new,A-1282,L-20154,sms,2026-05-04 17:35:00,delivered,AGT-125,
L-20076,AgentMatch Pro,2026-05-15 10:32:00,Rachel,Anderson,(379) 332-7229,rachel.anderson46@example.com,TRUE,TRUE,43215,seller,new,A-1154,L-20076,call,2026-05-15 10:40:00,no_answer,AGT-102,
L-20076,AgentMatch Pro,2026-05-15 10:32:00,Rachel,Anderson,(379) 332-7229,rachel.anderson46@example.com,TRUE,TRUE,43215,seller,new,A-1155,L-20076,sms,2026-05-15 10:45:00,delivered,AGT-102,
L-20019,AgentMatch Pro,2026-05-07 18:21:00,Rachel,Jackson,359.478.5616,rachel.jackson34@example.com,TRUE,TRUE,89108,seller,new,A-1038,L-20019,call,2026-05-07 18:23:00,no_answer,AGT-106,
L-20019,AgentMatch Pro,2026-05-07 18:21:00,Rachel,Jackson,359.478.5616,rachel.jackson34@example.com,TRUE,TRUE,89108,seller,new,A-1039,L-20019,sms,2026-05-07 18:34:00,delivered,AGT-106,
L-20019,AgentMatch Pro,2026-05-07 18:21:00,Rachel,Jackson,359.478.5616,rachel.jackson34@example.com,TRUE,TRUE,89108,seller,new,A-1040,L-20019,call,2026-05-07 22:23:00,no_answer,AGT-106,
L-20003,OfferNest,2026-05-09 12:38:00,Greg,Hernandez,3042947224,,TRUE,TRUE,32801,seller,new,A-1003,L-20003,call,2026-05-09 12:46:00,no_answer,AGT-106,
L-20003,OfferNest,2026-05-09 12:38:00,Greg,Hernandez,3042947224,,TRUE,TRUE,32801,seller,new,A-1004,L-20003,sms,2026-05-09 13:00:00,delivered,AGT-106,
L-20003,OfferNest,2026-05-09 12:38:00,Greg,Hernandez,3042947224,,TRUE,TRUE,32801,seller,new,A-1005,L-20003,call,2026-05-09 19:46:00,completed,AGT-106,
L-20016,LeadBridge,2026-05-05 16:04:00,Brian,Garcia,258.720.2312,brian.garcia16@example.com,TRUE,TRUE,85032,seller,new,A-1032,L-20016,call,2026-05-05 16:15:00,no_answer,AGT-106,
L-20016,LeadBridge,2026-05-05 16:04:00,Brian,Garcia,258.720.2312,brian.garcia16@example.com,TRUE,TRUE,85032,seller,new,A-1033,L-20016,sms,2026-05-05 16:34:00,delivered,AGT-106,
L-20016,LeadBridge,2026-05-05 16:04:00,Brian,Garcia,258.720.2312,brian.garcia16@example.com,TRUE,TRUE,85032,seller,new,A-1034,L-20016,call,2026-05-05 20:15:00,completed,AGT-106,
L-20190,LeadBridge,2026-05-08 17:45:00,David,Johnson,2616079300,david.johnson54@example.com,TRUE,TRUE,43215,seller,new,A-1346,L-20190,call,2026-05-08 22:38:00,no_answer,AGT-135,
L-20190,LeadBridge,2026-05-08 17:45:00,David,Johnson,2616079300,david.johnson54@example.com,TRUE,TRUE,43215,seller,new,A-1347,L-20190,sms,2026-05-08 22:45:00,delivered,AGT-135,
L-20190,LeadBridge,2026-05-08 17:45:00,David,Johnson,2616079300,david.johnson54@example.com,TRUE,TRUE,43215,seller,new,A-1348,L-20190,call,2026-05-09 2:38:00,completed,AGT-135,
L-20161,HomeFlow,2026-05-17 19:25:00,Kevin,Lewis,448-533-7161,kevin.lewis73@example.com,TRUE,TRUE,75217,seller,new,A-1296,L-20161,sms,2026-05-17 19:27:00,failed_err30006_landline,AGT-136,
L-20161,HomeFlow,2026-05-17 19:25:00,Kevin,Lewis,448-533-7161,kevin.lewis73@example.com,TRUE,TRUE,75217,seller,new,A-1297,L-20161,sms,2026-05-17 19:34:00,failed_err30006_landline,AGT-136,
L-20161,HomeFlow,2026-05-17 19:25:00,Kevin,Lewis,448-533-7161,kevin.lewis73@example.com,TRUE,TRUE,75217,seller,new,A-1298,L-20161,sms,2026-05-17 19:41:00,failed_err30006_landline,AGT-136,
L-20088,AgentMatch Pro,2026-05-05 18:54:00,John,Johnson,856-692-7081,john.johnson11@example.com,TRUE,TRUE,37211,buyer,new,A-1175,L-20088,call,2026-05-05 19:04:00,voicemail,AGT-110,
L-20088,AgentMatch Pro,2026-05-05 18:54:00,John,Johnson,856-692-7081,john.johnson11@example.com,TRUE,TRUE,37211,buyer,new,A-1176,L-20088,sms,2026-05-05 19:09:00,delivered,AGT-110,
L-20034,SellFast Direct,2026-05-04 18:34:00,John,Clark,(631) 458-2341,john.clark29@example.com,TRUE,TRUE,63101,seller,new,A-1070,L-20034,call,2026-05-04 18:39:00,voicemail,AGT-113,
L-20034,SellFast Direct,2026-05-04 18:34:00,John,Clark,(631) 458-2341,john.clark29@example.com,TRUE,TRUE,63101,seller,new,A-1071,L-20034,sms,2026-05-04 18:46:00,delivered,AGT-113,
L-20034,SellFast Direct,2026-05-04 18:34:00,John,Clark,(631) 458-2341,john.clark29@example.com,TRUE,TRUE,63101,seller,new,A-1072,L-20034,call,2026-05-04 23:39:00,no_answer,AGT-113,
L-20052,HomeFlow,2026-05-16 15:17:00,Michael,Hall,271.482.7798,michael.hall39@example.com,FALSE,TRUE,75217,buyer,new,A-1105,L-20052,call,2026-05-16 15:21:00,no_answer,AGT-129,
L-20052,HomeFlow,2026-05-16 15:17:00,Michael,Hall,271.482.7798,michael.hall39@example.com,FALSE,TRUE,75217,buyer,new,A-1106,L-20052,call,2026-05-16 23:21:00,no_answer,AGT-129,
L-20085,AgentMatch Pro,2026-05-16 15:53:00,Michael,Jones,+12795022657,michael.jones85@example.com,TRUE,TRUE,75217,seller,new,A-1172,L-20085,call,2026-05-16 16:04:00,completed,AGT-125,
L-20001,LeadBridge,2026-05-07 9:47:00,Eric,Brown,(225) 959-5506,eric.brown70@example.com,TRUE,TRUE,75217,buyer,new,A-1001,L-20001,call,2026-05-07 9:49:00,completed,AGT-102,
L-20196,LeadBridge,2026-05-13 12:07:00,Heather,Harris,527-477-2276,heather.harris7@example.com,TRUE,TRUE,85032,seller,new,A-1358,L-20196,call,2026-05-13 15:59:00,voicemail,AGT-105,
L-20196,LeadBridge,2026-05-13 12:07:00,Heather,Harris,527-477-2276,heather.harris7@example.com,TRUE,TRUE,85032,seller,new,A-1359,L-20196,sms,2026-05-13 16:11:00,delivered,AGT-105,
L-20204,LeadBridge,2026-05-13 16:16:00,Tony,Wilson,(581) 902-2376,tony.wilson10@example.com,TRUE,TRUE,78704,seller,new,A-1374,L-20204,call,2026-05-13 22:17:00,voicemail,AGT-129,
L-20204,LeadBridge,2026-05-13 16:16:00,Tony,Wilson,(581) 902-2376,tony.wilson10@example.com,TRUE,TRUE,78704,seller,new,A-1375,L-20204,sms,2026-05-13 22:22:00,delivered,AGT-129,
L-20006,LeadBridge,2026-05-07 18:35:00,Heather,Perez,669.346.5339,heather.perez55@example.com,TRUE,TRUE,43215,seller,new,A-1012,L-20006,call,2026-05-07 18:40:00,no_answer,AGT-109,
L-20006,LeadBridge,2026-05-07 18:35:00,Heather,Perez,669.346.5339,heather.perez55@example.com,TRUE,TRUE,43215,seller,new,A-1013,L-20006,sms,2026-05-07 18:45:00,delivered,AGT-109,
L-20166,HomeFlow,2026-05-11 8:28:00,Matt,Lewis,+14117338912,matt.lewis58@example.com,TRUE,TRUE,78704,seller,new,A-1311,L-20166,sms,2026-05-11 8:31:00,failed_err30006_landline,AGT-103,
L-20166,HomeFlow,2026-05-11 8:28:00,Matt,Lewis,+14117338912,matt.lewis58@example.com,TRUE,TRUE,78704,seller,new,A-1312,L-20166,sms,2026-05-11 8:38:00,failed_err30006_landline,AGT-103,
L-20175,OfferNest,2026-05-16 18:28:00,John,Clark,(756) 575-9880,john.clark55@example.com,TRUE,TRUE,85032,seller,new,A-1328,L-20175,call,2026-05-16 18:30:00,no_answer,AGT-129,
L-20167,ListingLoop,2026-05-07 15:11:00,Diana,Hernandez,863.311.3692,diana.hernandez43@example.com,TRUE,TRUE,43215,buyer,new,A-1313,L-20167,sms,2026-05-07 15:19:00,failed_err30006_landline,AGT-115,
L-20167,ListingLoop,2026-05-07 15:11:00,Diana,Hernandez,863.311.3692,diana.hernandez43@example.com,TRUE,TRUE,43215,buyer,new,A-1314,L-20167,sms,2026-05-07 15:26:00,failed_err30006_landline,AGT-115,
L-20024,SellFast Direct,2026-05-13 10:16:00,Chris,Anderson,820.723.2894,chris.anderson67@example.com,TRUE,TRUE,85032,seller,new,A-1052,L-20024,call,2026-05-13 10:24:00,voicemail,AGT-105,
L-20024,SellFast Direct,2026-05-13 10:16:00,Chris,Anderson,820.723.2894,chris.anderson67@example.com,TRUE,TRUE,85032,seller,new,A-1053,L-20024,sms,2026-05-13 10:37:00,delivered,AGT-105,
L-20024,SellFast Direct,2026-05-13 10:16:00,Chris,Anderson,820.723.2894,chris.anderson67@example.com,TRUE,TRUE,85032,seller,new,A-1054,L-20024,call,2026-05-13 17:24:00,no_answer,AGT-105,
L-20010,LeadBridge,2026-05-06 17:30:00,Amanda,Walker,270.978.9727,amanda.walker68@example.com,,TRUE,43215,seller,new,A-1019,L-20010,call,2026-05-06 17:40:00,no_answer,AGT-113,
L-20010,LeadBridge,2026-05-06 17:30:00,Amanda,Walker,270.978.9727,amanda.walker68@example.com,,TRUE,43215,seller,new,A-1020,L-20010,call,2026-05-07 0:40:00,no_answer,AGT-113,
L-20126,OfferNest,2026-05-09 7:00:00,Heather,Young,3796273880,,,TRUE,89108,seller,new,A-1216,L-20126,call,2026-05-09 7:06:00,completed,AGT-103,
L-20202,LeadBridge,2026-05-07 12:09:00,Laura,Thompson,+15119211660,laura.thompson32@example.com,TRUE,TRUE,43215,seller,new,A-1372,L-20202,call,2026-05-07 17:12:00,completed,AGT-120,
L-20080,HomeFlow,2026-05-13 7:22:00,Robert,Taylor,(652) 846-5961,robert.taylor58@example.com,TRUE,TRUE,63101,seller,new,A-1160,L-20080,call,2026-05-13 7:28:00,no_answer,AGT-105,
L-20080,HomeFlow,2026-05-13 7:22:00,Robert,Taylor,(652) 846-5961,robert.taylor58@example.com,TRUE,TRUE,63101,seller,new,A-1161,L-20080,sms,2026-05-13 7:33:00,delivered,AGT-105,
L-20080,HomeFlow,2026-05-13 7:22:00,Robert,Taylor,(652) 846-5961,robert.taylor58@example.com,TRUE,TRUE,63101,seller,new,A-1162,L-20080,call,2026-05-13 13:28:00,completed,AGT-105,
L-20139,AgentMatch Pro,2026-05-08 22:55:00,Karen,Harris,+12456118191,karen.harris74@example.com,TRUE,TRUE,75217,seller,new,A-1246,L-20139,call,2026-05-08 23:05:00,voicemail,AGT-138,
L-20139,AgentMatch Pro,2026-05-08 22:55:00,Karen,Harris,+12456118191,karen.harris74@example.com,TRUE,TRUE,75217,seller,new,A-1247,L-20139,sms,2026-05-08 23:13:00,delivered,AGT-138,
L-20139,AgentMatch Pro,2026-05-08 22:55:00,Karen,Harris,+12456118191,karen.harris74@example.com,TRUE,TRUE,75217,seller,new,A-1248,L-20139,call,2026-05-09 4:05:00,no_answer,AGT-138,
L-20127,OfferNest,2026-05-08 16:00:00,Linda,Young,543-491-8444,linda.young64@example.com,,TRUE,32801,buyer,new,A-1217,L-20127,call,2026-05-08 16:06:00,voicemail,AGT-113,
L-20127,OfferNest,2026-05-08 16:00:00,Linda,Young,543-491-8444,linda.young64@example.com,,TRUE,32801,buyer,new,A-1218,L-20127,sms,2026-05-08 16:19:00,delivered,AGT-113,
L-20127,OfferNest,2026-05-08 16:00:00,Linda,Young,543-491-8444,linda.young64@example.com,,TRUE,32801,buyer,new,A-1219,L-20127,call,2026-05-08 21:06:00,no_answer,AGT-113,
L-20049,ListingLoop,2026-05-17 15:29:00,Chris,Brown,613.726.1018,chris.brown47@example.com,TRUE,TRUE,89108,buyer,new,A-1101,L-20049,call,2026-05-17 15:31:00,completed,AGT-114,
L-20156,SellFast Direct,2026-05-09 19:17:00,Nancy,Brown,293-205-6050,nancy.brown12@example.com,,TRUE,43215,buyer,new,A-1285,L-20156,call,2026-05-09 19:27:00,no_answer,AGT-136,
L-20156,SellFast Direct,2026-05-09 19:17:00,Nancy,Brown,293-205-6050,nancy.brown12@example.com,,TRUE,43215,buyer,new,A-1286,L-20156,sms,2026-05-09 19:37:00,delivered,AGT-136,
L-20037,HomeFlow,2026-05-14 14:45:00,Emily,Walker,+17013088102,emily.walker67@example.com,TRUE,TRUE,75217,buyer,new,A-1076,L-20037,call,2026-05-14 14:54:00,voicemail,AGT-128,
L-20037,HomeFlow,2026-05-14 14:45:00,Emily,Walker,+17013088102,emily.walker67@example.com,TRUE,TRUE,75217,buyer,new,A-1077,L-20037,sms,2026-05-14 15:05:00,delivered,AGT-128,
L-20037,HomeFlow,2026-05-14 14:45:00,Emily,Walker,+17013088102,emily.walker67@example.com,TRUE,TRUE,75217,buyer,new,A-1078,L-20037,call,2026-05-14 17:54:00,no_answer,AGT-128,
L-20192,LeadBridge,2026-05-13 16:03:00,Robert,Young,644-318-8428,robert.young95@example.com,TRUE,TRUE,78704,seller,new,A-1350,L-20192,call,2026-05-13 21:14:00,no_answer,AGT-109,
L-20192,LeadBridge,2026-05-13 16:03:00,Robert,Young,644-318-8428,robert.young95@example.com,TRUE,TRUE,78704,seller,new,A-1351,L-20192,sms,2026-05-13 21:22:00,delivered,AGT-109,
L-20192,LeadBridge,2026-05-13 16:03:00,Robert,Young,644-318-8428,robert.young95@example.com,TRUE,TRUE,78704,seller,new,A-1352,L-20192,call,2026-05-14 1:14:00,no_answer,AGT-109,
L-20146,SellFast Direct,2026-05-15 19:22:00,Greg,Walker,700.940.9037,greg.walker93@example.com,TRUE,TRUE,89108,seller,new,A-1265,L-20146,call,2026-05-15 19:25:00,no_answer,AGT-104,
L-20146,SellFast Direct,2026-05-15 19:22:00,Greg,Walker,700.940.9037,greg.walker93@example.com,TRUE,TRUE,89108,seller,new,A-1266,L-20146,sms,2026-05-15 19:41:00,delivered,AGT-104,
L-20146,SellFast Direct,2026-05-15 19:22:00,Greg,Walker,700.940.9037,greg.walker93@example.com,TRUE,TRUE,89108,seller,new,A-1267,L-20146,call,2026-05-16 2:25:00,completed,AGT-104,
L-20163,AgentMatch Pro,2026-05-17 18:26:00,Ashley,Taylor,796.610.9755,ashley.taylor47@example.com,TRUE,TRUE,75217,seller,new,A-1302,L-20163,sms,2026-05-17 18:31:00,failed_err30006_landline,AGT-107,
L-20163,AgentMatch Pro,2026-05-17 18:26:00,Ashley,Taylor,796.610.9755,ashley.taylor47@example.com,TRUE,TRUE,75217,seller,new,A-1303,L-20163,sms,2026-05-17 18:38:00,failed_err30006_landline,AGT-107,
L-20163,AgentMatch Pro,2026-05-17 18:26:00,Ashley,Taylor,796.610.9755,ashley.taylor47@example.com,TRUE,TRUE,75217,seller,new,A-1304,L-20163,sms,2026-05-17 18:45:00,failed_err30006_landline,AGT-107,
L-20182,OfferNest,2026-05-10 10:44:00,James,Brown,+13616518479,james.brown84@example.com,TRUE,TRUE,30318,seller,new,A-1335,L-20182,call,2026-05-10 10:47:00,no_answer,AGT-124,
L-20159,AgentMatch Pro,2026-05-13 10:29:00,John,Davis,(938) 840-9123,john.davis39@example.com,,TRUE,43215,seller,new,A-1291,L-20159,call,2026-05-13 10:40:00,no_answer,AGT-125,
L-20159,AgentMatch Pro,2026-05-13 10:29:00,John,Davis,(938) 840-9123,john.davis39@example.com,,TRUE,43215,seller,new,A-1292,L-20159,sms,2026-05-13 10:47:00,delivered,AGT-125,
L-20177,AgentMatch Pro,2026-05-08 16:34:00,Laura,Miller,+14112606747,laura.miller91@example.com,TRUE,TRUE,37211,seller,new,A-1330,L-20177,call,2026-05-08 16:44:00,no_answer,AGT-107,
L-20185,OfferNest,2026-05-09 12:56:00,Robert,Davis,592-291-2678,robert.davis49@example.com,TRUE,TRUE,30318,seller,new,A-1338,L-20185,call,2026-05-09 13:06:00,no_answer,AGT-137,
L-20152,LeadBridge,2026-05-17 12:01:00,Megan,Young,487-756-1539,megan.young76@example.com,FALSE,TRUE,43215,seller,new,A-1277,L-20152,call,2026-05-17 12:07:00,no_answer,AGT-111,
L-20152,LeadBridge,2026-05-17 12:01:00,Megan,Young,487-756-1539,megan.young76@example.com,FALSE,TRUE,43215,seller,new,A-1278,L-20152,sms,2026-05-17 12:12:00,delivered,AGT-111,
L-20061,OfferNest,2026-05-06 19:14:00,Lisa,Harris,546.317.8673,lisa.harris51@example.com,FALSE,TRUE,28269,seller,new,A-1124,L-20061,call,2026-05-06 19:22:00,completed,AGT-101,
L-20061,OfferNest,2026-05-06 19:14:00,Lisa,Harris,546.317.8673,lisa.harris51@example.com,FALSE,TRUE,28269,seller,new,A-1125,L-20061,call,2026-05-07 2:22:00,no_answer,AGT-101,
L-20046,OfferNest,2026-05-06 19:19:00,Michael,Young,4723452169,michael.young37@example.com,TRUE,TRUE,78704,buyer,new,A-1092,L-20046,call,2026-05-06 19:25:00,voicemail,AGT-126,
L-20046,OfferNest,2026-05-06 19:19:00,Michael,Young,4723452169,michael.young37@example.com,TRUE,TRUE,78704,buyer,new,A-1093,L-20046,sms,2026-05-06 19:44:00,delivered,AGT-126,
L-20046,OfferNest,2026-05-06 19:19:00,Michael,Young,4723452169,michael.young37@example.com,TRUE,TRUE,78704,buyer,new,A-1094,L-20046,call,2026-05-07 0:25:00,completed,AGT-126,
L-20045,SellFast Direct,2026-05-11 18:38:00,Sarah,Jackson,+12763601043,,TRUE,TRUE,37211,buyer,new,A-1089,L-20045,call,2026-05-11 18:41:00,voicemail,AGT-115,
L-20045,SellFast Direct,2026-05-11 18:38:00,Sarah,Jackson,+12763601043,,TRUE,TRUE,37211,buyer,new,A-1090,L-20045,sms,2026-05-11 18:50:00,delivered,AGT-115,
L-20045,SellFast Direct,2026-05-11 18:38:00,Sarah,Jackson,+12763601043,,TRUE,TRUE,37211,buyer,new,A-1091,L-20045,call,2026-05-12 0:41:00,completed,AGT-115,
L-20091,SellFast Direct,2026-05-14 19:39:00,Karen,Martinez,324.248.4906,karen.martinez64@example.com,TRUE,TRUE,32801,seller,new,A-1181,L-20091,call,2026-05-14 19:51:00,no_answer,AGT-133,
L-20091,SellFast Direct,2026-05-14 19:39:00,Karen,Martinez,324.248.4906,karen.martinez64@example.com,TRUE,TRUE,32801,seller,new,A-1182,L-20091,sms,2026-05-14 19:58:00,delivered,AGT-133,
L-20091,SellFast Direct,2026-05-14 19:39:00,Karen,Martinez,324.248.4906,karen.martinez64@example.com,TRUE,TRUE,32801,seller,new,A-1183,L-20091,call,2026-05-14 21:51:00,no_answer,AGT-133,
L-20189,LeadBridge,2026-05-04 12:59:00,Amanda,Perez,808.272.9655,amanda.perez50@example.com,TRUE,TRUE,43215,seller,new,A-1343,L-20189,call,2026-05-04 17:28:00,no_answer,AGT-112,
L-20189,LeadBridge,2026-05-04 12:59:00,Amanda,Perez,808.272.9655,amanda.perez50@example.com,TRUE,TRUE,43215,seller,new,A-1344,L-20189,sms,2026-05-04 17:33:00,delivered,AGT-112,
L-20189,LeadBridge,2026-05-04 12:59:00,Amanda,Perez,808.272.9655,amanda.perez50@example.com,TRUE,TRUE,43215,seller,new,A-1345,L-20189,call,2026-05-04 19:28:00,completed,AGT-112,
L-20148,ListingLoop,2026-05-04 7:34:00,Matt,Lopez,(261) 832-8916,matt.lopez2@example.com,TRUE,TRUE,32801,seller,new,A-1269,L-20148,call,2026-05-04 7:37:00,no_answer,AGT-107,
L-20148,ListingLoop,2026-05-04 7:34:00,Matt,Lopez,(261) 832-8916,matt.lopez2@example.com,TRUE,TRUE,32801,seller,new,A-1270,L-20148,sms,2026-05-04 7:47:00,delivered,AGT-107,
L-20148,ListingLoop,2026-05-04 7:34:00,Matt,Lopez,(261) 832-8916,matt.lopez2@example.com,TRUE,TRUE,32801,seller,new,A-1271,L-20148,call,2026-05-04 13:37:00,completed,AGT-107,
L-20198,LeadBridge,2026-05-10 7:14:00,Jessica,Clark,(451) 354-1104,jessica.clark82@example.com,TRUE,TRUE,28269,seller,new,A-1362,L-20198,call,2026-05-10 12:38:00,voicemail,AGT-125,
L-20198,LeadBridge,2026-05-10 7:14:00,Jessica,Clark,(451) 354-1104,jessica.clark82@example.com,TRUE,TRUE,28269,seller,new,A-1363,L-20198,sms,2026-05-10 12:50:00,delivered,AGT-125,
L-20198,LeadBridge,2026-05-10 7:14:00,Jessica,Clark,(451) 354-1104,jessica.clark82@example.com,TRUE,TRUE,28269,seller,new,A-1364,L-20198,call,2026-05-10 18:38:00,no_answer,AGT-125,
L-20180,ListingLoop,2026-05-11 17:42:00,Amanda,Hernandez,795.202.2526,amanda.hernandez9@example.com,TRUE,TRUE,43215,seller,new,A-1333,L-20180,call,2026-05-11 17:50:00,no_answer,AGT-114,
L-20137,SellFast Direct,2026-05-15 6:34:00,Karen,Walker,(203) 974-1372,karen.walker25@example.com,TRUE,TRUE,63101,buyer,new,A-1240,L-20137,call,2026-05-15 6:37:00,no_answer,AGT-107,
L-20137,SellFast Direct,2026-05-15 6:34:00,Karen,Walker,(203) 974-1372,karen.walker25@example.com,TRUE,TRUE,63101,buyer,new,A-1241,L-20137,sms,2026-05-15 6:54:00,delivered,AGT-107,
L-20137,SellFast Direct,2026-05-15 6:34:00,Karen,Walker,(203) 974-1372,karen.walker25@example.com,TRUE,TRUE,63101,buyer,new,A-1242,L-20137,call,2026-05-15 13:37:00,no_answer,AGT-107,
L-20069,SellFast Direct,2026-05-13 15:18:00,Eric,Martin,(761) 929-6327,eric.martin13@example.com,TRUE,TRUE,32801,seller,new,A-1139,L-20069,call,2026-05-13 15:26:00,voicemail,AGT-129,
L-20069,SellFast Direct,2026-05-13 15:18:00,Eric,Martin,(761) 929-6327,eric.martin13@example.com,TRUE,TRUE,32801,seller,new,A-1140,L-20069,sms,2026-05-13 15:42:00,delivered,AGT-129,
L-20069,SellFast Direct,2026-05-13 15:18:00,Eric,Martin,(761) 929-6327,eric.martin13@example.com,TRUE,TRUE,32801,seller,new,A-1141,L-20069,call,2026-05-13 20:26:00,completed,AGT-129,
L-20062,OfferNest,2026-05-14 10:30:00,Megan,Rodriguez,+17985907086,megan.rodriguez72@example.com,TRUE,TRUE,75217,seller,new,A-1126,L-20062,call,2026-05-14 10:42:00,no_answer,AGT-105,
L-20062,OfferNest,2026-05-14 10:30:00,Megan,Rodriguez,+17985907086,megan.rodriguez72@example.com,TRUE,TRUE,75217,seller,new,A-1127,L-20062,sms,2026-05-14 10:59:00,delivered,AGT-105,
L-20169,AgentMatch Pro,2026-05-06 12:20:00,Greg,White,+12647912667,greg.white15@example.com,TRUE,TRUE,89108,seller,new,A-1318,L-20169,sms,2026-05-06 12:28:00,failed_err30006_landline,AGT-139,
L-20169,AgentMatch Pro,2026-05-06 12:20:00,Greg,White,+12647912667,greg.white15@example.com,TRUE,TRUE,89108,seller,new,A-1319,L-20169,sms,2026-05-06 12:35:00,failed_err30006_landline,AGT-139,
L-20169,AgentMatch Pro,2026-05-06 12:20:00,Greg,White,+12647912667,greg.white15@example.com,TRUE,TRUE,89108,seller,new,A-1320,L-20169,sms,2026-05-06 12:42:00,failed_err30006_landline,AGT-139,
L-20203,LeadBridge,2026-05-05 14:06:00,Sarah,Smith,(614) 663-5093,sarah.smith18@example.com,TRUE,TRUE,63101,seller,new,A-1373,L-20203,call,2026-05-05 19:48:00,completed,AGT-115,
L-20026,LeadBridge,2026-05-10 19:37:00,Jessica,Walker,2005115700,jessica.walker57@example.com,TRUE,TRUE,85032,buyer,new,A-1056,L-20026,call,2026-05-10 19:41:00,completed,AGT-106,
L-20041,OfferNest,2026-05-15 15:48:00,Karen,Brown,9383976169,karen.brown95@example.com,TRUE,TRUE,37211,seller,new,A-1082,L-20041,call,2026-05-15 15:51:00,completed,AGT-113,
L-20060,HomeFlow,2026-05-15 13:11:00,Nancy,Harris,334.292.5835,nancy.harris47@example.com,TRUE,TRUE,32801,seller,new,A-1122,L-20060,call,2026-05-15 13:15:00,voicemail,AGT-117,
L-20060,HomeFlow,2026-05-15 13:11:00,Nancy,Harris,334.292.5835,nancy.harris47@example.com,TRUE,TRUE,32801,seller,new,A-1123,L-20060,sms,2026-05-15 13:33:00,delivered,AGT-117,
L-20150,ListingLoop,2026-05-05 13:24:00,Karen,White,(431) 507-2320,karen.white61@example.com,TRUE,TRUE,63101,seller,new,A-1275,L-20150,call,2026-05-05 13:34:00,completed,AGT-103,
L-20197,LeadBridge,2026-05-04 12:12:00,Lisa,Hernandez,288.766.8483,lisa.hernandez39@example.com,TRUE,TRUE,85032,buyer,new,A-1360,L-20197,call,2026-05-04 15:56:00,voicemail,AGT-138,
L-20197,LeadBridge,2026-05-04 12:12:00,Lisa,Hernandez,288.766.8483,lisa.hernandez39@example.com,TRUE,TRUE,85032,buyer,new,A-1361,L-20197,sms,2026-05-04 16:05:00,delivered,AGT-138,
L-20136,HomeFlow,2026-05-14 18:34:00,Karen,Walker,203-974-1372,karen.walker49@example.com,TRUE,TRUE,85032,buyer,new,A-1239,L-20136,call,2026-05-14 18:45:00,completed,AGT-102,
L-20121,OfferNest,2026-05-13 10:15:00,John,Jackson,5054305876,john.jackson89@example.com,TRUE,TRUE,28269,buyer,new,,,,,,,lead.csv only
L-20015,LeadBridge,2026-05-07 11:13:00,Laura,Jackson,(877) 935-8973,laura.jackson70@example.com,,TRUE,28269,seller,new,A-1031,L-20015,call,2026-05-07 11:15:00,no_answer,AGT-138,
L-20072,AgentMatch Pro,2026-05-14 18:17:00,Karen,Lewis,+16397741430,karen.lewis98@example.com,TRUE,TRUE,28269,seller,new,A-1148,L-20072,call,2026-05-14 18:19:00,voicemail,AGT-112,
L-20072,AgentMatch Pro,2026-05-14 18:17:00,Karen,Lewis,+16397741430,karen.lewis98@example.com,TRUE,TRUE,28269,seller,new,A-1149,L-20072,sms,2026-05-14 18:34:00,delivered,AGT-112,
L-20072,AgentMatch Pro,2026-05-14 18:17:00,Karen,Lewis,+16397741430,karen.lewis98@example.com,TRUE,TRUE,28269,seller,new,A-1150,L-20072,call,2026-05-15 1:19:00,no_answer,AGT-112,
L-20008,SellFast Direct,2026-05-06 14:00:00,Greg,Perez,548.314.5808,greg.perez34@example.com,,TRUE,30318,seller,new,A-1016,L-20008,call,2026-05-06 14:12:00,voicemail,AGT-120,
L-20008,SellFast Direct,2026-05-06 14:00:00,Greg,Perez,548.314.5808,greg.perez34@example.com,,TRUE,30318,seller,new,A-1017,L-20008,call,2026-05-06 19:12:00,completed,AGT-120,
L-20057,SellFast Direct,2026-05-08 17:00:00,Kevin,Jones,437.672.5161,kevin.jones37@example.com,FALSE,TRUE,30318,seller,new,A-1117,L-20057,call,2026-05-08 17:09:00,voicemail,AGT-123,
L-20057,SellFast Direct,2026-05-08 17:00:00,Kevin,Jones,437.672.5161,kevin.jones37@example.com,FALSE,TRUE,30318,seller,new,A-1118,L-20057,call,2026-05-09 1:09:00,no_answer,AGT-123,
L-20153,ListingLoop,2026-05-06 19:44:00,Megan,Allen,+17535397288,megan.allen65@example.com,,TRUE,63101,seller,new,A-1279,L-20153,call,2026-05-06 19:52:00,no_answer,AGT-115,
L-20153,ListingLoop,2026-05-06 19:44:00,Megan,Allen,+17535397288,megan.allen65@example.com,,TRUE,63101,seller,new,A-1280,L-20153,sms,2026-05-06 19:55:00,delivered,AGT-115,
L-20082,HomeFlow,2026-05-08 13:26:00,Brian,Moore,+18243626962,brian.moore7@example.com,TRUE,TRUE,78704,seller,new,A-1166,L-20082,call,2026-05-08 13:29:00,no_answer,AGT-136,
L-20082,HomeFlow,2026-05-08 13:26:00,Brian,Moore,+18243626962,brian.moore7@example.com,TRUE,TRUE,78704,seller,new,A-1167,L-20082,sms,2026-05-08 13:41:00,delivered,AGT-136,
L-20082,HomeFlow,2026-05-08 13:26:00,Brian,Moore,+18243626962,brian.moore7@example.com,TRUE,TRUE,78704,seller,new,A-1168,L-20082,call,2026-05-08 21:29:00,no_answer,AGT-136,
L-20007,ListingLoop,2026-05-10 16:04:00,Diana,Brown,356.842.3621,diana.brown60@example.com,TRUE,TRUE,37211,seller,new,A-1014,L-20007,call,2026-05-10 16:16:00,no_answer,AGT-108,
L-20007,ListingLoop,2026-05-10 16:04:00,Diana,Brown,356.842.3621,diana.brown60@example.com,TRUE,TRUE,37211,seller,new,A-1015,L-20007,sms,2026-05-10 16:36:00,delivered,AGT-108,
L-20047,AgentMatch Pro,2026-05-08 7:05:00,Maria,Allen,642.952.6280,maria.allen74@example.com,TRUE,TRUE,63101,seller,new,A-1095,L-20047,call,2026-05-08 7:16:00,no_answer,AGT-103,
L-20047,AgentMatch Pro,2026-05-08 7:05:00,Maria,Allen,642.952.6280,maria.allen74@example.com,TRUE,TRUE,63101,seller,new,A-1096,L-20047,sms,2026-05-08 7:24:00,delivered,AGT-103,
L-20047,AgentMatch Pro,2026-05-08 7:05:00,Maria,Allen,642.952.6280,maria.allen74@example.com,TRUE,TRUE,63101,seller,new,A-1097,L-20047,call,2026-05-08 14:16:00,no_answer,AGT-103,
L-20070,ListingLoop,2026-05-08 12:09:00,Rachel,Brown,(520) 637-6120,rachel.brown12@example.com,TRUE,TRUE,78704,buyer,new,A-1142,L-20070,call,2026-05-08 12:12:00,voicemail,AGT-124,
L-20070,ListingLoop,2026-05-08 12:09:00,Rachel,Brown,(520) 637-6120,rachel.brown12@example.com,TRUE,TRUE,78704,buyer,new,A-1143,L-20070,sms,2026-05-08 12:32:00,delivered,AGT-124,
L-20070,ListingLoop,2026-05-08 12:09:00,Rachel,Brown,(520) 637-6120,rachel.brown12@example.com,TRUE,TRUE,78704,buyer,new,A-1144,L-20070,call,2026-05-08 18:12:00,no_answer,AGT-124,
L-20100,OfferNest,2026-05-16 17:54:00,Diana,Williams,(662) 376-8292,diana.williams91@example.com,,TRUE,32801,seller,new,A-1199,L-20100,call,2026-05-16 18:00:00,no_answer,AGT-111,
L-20083,AgentMatch Pro,2026-05-14 9:58:00,Heather,Lee,3535412335,heather.lee90@example.com,TRUE,TRUE,30318,seller,new,A-1169,L-20083,call,2026-05-14 10:04:00,no_answer,AGT-136,
L-20083,AgentMatch Pro,2026-05-14 9:58:00,Heather,Lee,3535412335,heather.lee90@example.com,TRUE,TRUE,30318,seller,new,A-1170,L-20083,sms,2026-05-14 10:17:00,delivered,AGT-136,
L-20129,OfferNest,2026-05-07 12:00:00,Heather,Davis,+12064677284,heather.davis43@example.com,TRUE,TRUE,75217,seller,new,A-1222,L-20129,call,2026-05-07 12:06:00,no_answer,AGT-124,
L-20129,OfferNest,2026-05-07 12:00:00,Heather,Davis,+12064677284,heather.davis43@example.com,TRUE,TRUE,75217,seller,new,A-1223,L-20129,sms,2026-05-07 12:10:00,delivered,AGT-124,
L-20129,OfferNest,2026-05-07 12:00:00,Heather,Davis,+12064677284,heather.davis43@example.com,TRUE,TRUE,75217,seller,new,A-1224,L-20129,call,2026-05-07 17:06:00,completed,AGT-124,
L-20145,ListingLoop,2026-05-13 2:29:00,Matt,Jackson,864.567.6053,matt.jackson6@example.com,TRUE,TRUE,85032,seller,new,A-1262,L-20145,call,2026-05-13 2:37:00,voicemail,AGT-137,
L-20145,ListingLoop,2026-05-13 2:29:00,Matt,Jackson,864.567.6053,matt.jackson6@example.com,TRUE,TRUE,85032,seller,new,A-1263,L-20145,sms,2026-05-13 2:55:00,delivered,AGT-137,
L-20145,ListingLoop,2026-05-13 2:29:00,Matt,Jackson,864.567.6053,matt.jackson6@example.com,TRUE,TRUE,85032,seller,new,A-1264,L-20145,call,2026-05-13 9:37:00,completed,AGT-137,
L-20089,SellFast Direct,2026-05-04 13:32:00,Karen,Walker,+16615571436,karen.walker11@example.com,TRUE,TRUE,85032,seller,new,A-1177,L-20089,call,2026-05-04 13:39:00,voicemail,AGT-107,
L-20089,SellFast Direct,2026-05-04 13:32:00,Karen,Walker,+16615571436,karen.walker11@example.com,TRUE,TRUE,85032,seller,new,A-1178,L-20089,sms,2026-05-04 13:52:00,delivered,AGT-107,
L-20125,OfferNest,2026-05-07 8:00:00,Megan,Clark,3402053587,megan.clark61@example.com,TRUE,TRUE,85032,seller,new,A-1213,L-20125,call,2026-05-07 8:07:00,no_answer,AGT-119,
L-20125,OfferNest,2026-05-07 8:00:00,Megan,Clark,3402053587,megan.clark61@example.com,TRUE,TRUE,85032,seller,new,A-1214,L-20125,sms,2026-05-07 8:12:00,delivered,AGT-119,
L-20125,OfferNest,2026-05-07 8:00:00,Megan,Clark,3402053587,megan.clark61@example.com,TRUE,TRUE,85032,seller,new,A-1215,L-20125,call,2026-05-07 11:07:00,no_answer,AGT-119,
L-20201,LeadBridge,2026-05-06 8:10:00,David,Jones,9887982785,david.jones41@example.com,TRUE,TRUE,78704,seller,new,A-1369,L-20201,call,2026-05-06 13:37:00,no_answer,AGT-114,
L-20201,LeadBridge,2026-05-06 8:10:00,David,Jones,9887982785,david.jones41@example.com,TRUE,TRUE,78704,seller,new,A-1370,L-20201,sms,2026-05-06 13:54:00,delivered,AGT-114,
L-20201,LeadBridge,2026-05-06 8:10:00,David,Jones,9887982785,david.jones41@example.com,TRUE,TRUE,78704,seller,new,A-1371,L-20201,call,2026-05-06 15:37:00,completed,AGT-114,
L-20123,OfferNest,2026-05-14 11:02:00,Lisa,White,280-554-8247,lisa.white28@example.com,TRUE,TRUE,32801,seller,new,,,,,,,lead.csv only
L-20092,AgentMatch Pro,2026-05-09 8:33:00,Karen,Martin,626.391.2402,karen.martin65@example.com,TRUE,TRUE,63101,buyer,new,A-1184,L-20092,call,2026-05-09 8:42:00,no_answer,AGT-103,
L-20092,AgentMatch Pro,2026-05-09 8:33:00,Karen,Martin,626.391.2402,karen.martin65@example.com,TRUE,TRUE,63101,buyer,new,A-1185,L-20092,sms,2026-05-09 8:56:00,delivered,AGT-103,
L-20092,AgentMatch Pro,2026-05-09 8:33:00,Karen,Martin,626.391.2402,karen.martin65@example.com,TRUE,TRUE,63101,buyer,new,A-1186,L-20092,call,2026-05-09 10:42:00,completed,AGT-103,
L-20183,OfferNest,2026-05-10 17:19:00,John,Williams,580-880-3711,john.williams97@example.com,TRUE,TRUE,43215,seller,new,A-1336,L-20183,call,2026-05-10 17:22:00,no_answer,AGT-101,
L-20098,AgentMatch Pro,2026-05-06 17:28:00,Eric,Lopez,(570) 592-1530,eric.lopez98@example.com,,TRUE,75217,seller,new,A-1197,L-20098,call,2026-05-06 17:38:00,no_answer,AGT-124,
L-20005,ListingLoop,2026-05-09 19:49:00,Daniel,Rodriguez,8559044598,daniel.rodriguez41@example.com,TRUE,TRUE,37211,seller,new,A-1009,L-20005,call,2026-05-09 19:54:00,voicemail,AGT-137,
L-20005,ListingLoop,2026-05-09 19:49:00,Daniel,Rodriguez,8559044598,daniel.rodriguez41@example.com,TRUE,TRUE,37211,seller,new,A-1010,L-20005,sms,2026-05-09 20:07:00,delivered,AGT-137,
L-20005,ListingLoop,2026-05-09 19:49:00,Daniel,Rodriguez,8559044598,daniel.rodriguez41@example.com,TRUE,TRUE,37211,seller,new,A-1011,L-20005,call,2026-05-10 0:54:00,completed,AGT-137,
L-20140,AgentMatch Pro,2026-05-15 13:26:00,Maria,Lopez,858-887-7244,maria.lopez49@example.com,TRUE,TRUE,32801,buyer,new,A-1249,L-20140,call,2026-05-15 13:36:00,voicemail,AGT-127,
L-20140,AgentMatch Pro,2026-05-15 13:26:00,Maria,Lopez,858-887-7244,maria.lopez49@example.com,TRUE,TRUE,32801,buyer,new,A-1250,L-20140,sms,2026-05-15 13:56:00,delivered,AGT-127,
L-20140,AgentMatch Pro,2026-05-15 13:26:00,Maria,Lopez,858-887-7244,maria.lopez49@example.com,TRUE,TRUE,32801,buyer,new,A-1251,L-20140,call,2026-05-15 18:36:00,completed,AGT-127,
L-20162,SellFast Direct,2026-05-14 14:08:00,Scott,Miller,+16484982133,scott.miller31@example.com,TRUE,TRUE,30318,buyer,new,A-1299,L-20162,sms,2026-05-14 14:11:00,failed_err30006_landline,AGT-125,
L-20162,SellFast Direct,2026-05-14 14:08:00,Scott,Miller,+16484982133,scott.miller31@example.com,TRUE,TRUE,30318,buyer,new,A-1300,L-20162,sms,2026-05-14 14:18:00,failed_err30006_landline,AGT-125,
L-20162,SellFast Direct,2026-05-14 14:08:00,Scott,Miller,+16484982133,scott.miller31@example.com,TRUE,TRUE,30318,buyer,new,A-1301,L-20162,sms,2026-05-14 14:25:00,failed_err30006_landline,AGT-125,
L-20064,HomeFlow,2026-05-04 18:23:00,Eric,Brown,+17018307686,eric.brown31@example.com,TRUE,TRUE,78704,seller,new,A-1130,L-20064,call,2026-05-04 18:33:00,completed,AGT-123,
L-20135,OfferNest,2026-05-12 13:59:00,Kevin,Williams,2466336644,kevin.williams99@example.com,TRUE,TRUE,28269,buyer,new,A-1237,L-20135,call,2026-05-12 14:03:00,no_answer,AGT-135,
L-20135,OfferNest,2026-05-12 13:59:00,Kevin,Williams,2466336644,kevin.williams99@example.com,TRUE,TRUE,28269,buyer,new,A-1238,L-20135,sms,2026-05-12 14:10:00,delivered,AGT-135,
L-20205,LeadBridge,2026-05-11 7:10:00,Tony,Lewis,5393251699,tony.lewis56@example.com,TRUE,TRUE,89108,seller,new,A-1376,L-20205,call,2026-05-11 10:57:00,completed,AGT-128,
L-20165,LeadBridge,2026-05-09 7:30:00,Matt,Clark,(895) 802-9199,matt.clark54@example.com,TRUE,TRUE,78704,seller,new,A-1308,L-20165,sms,2026-05-09 7:36:00,failed_err30006_landline,AGT-123,
L-20165,LeadBridge,2026-05-09 7:30:00,Matt,Clark,(895) 802-9199,matt.clark54@example.com,TRUE,TRUE,78704,seller,new,A-1309,L-20165,sms,2026-05-09 7:43:00,failed_err30006_landline,AGT-123,
L-20165,LeadBridge,2026-05-09 7:30:00,Matt,Clark,(895) 802-9199,matt.clark54@example.com,TRUE,TRUE,78704,seller,new,A-1310,L-20165,sms,2026-05-09 7:50:00,failed_err30006_landline,AGT-123,
